-- Seed data for Hockey League
-- Run this AFTER schema.sql in Supabase SQL Editor

-- ============ TEAMS ============
INSERT INTO teams (id, name, city, logo_url, primary_color, wins, losses, ties, points, goals_for, goals_against, own_goals_received, founded_year, home_venue) VALUES
('a1b2c3d4-0001-0000-0000-000000000001', 'גבעת עדה חלוצים', 'גבעת עדה', NULL, '#ffffff', 10, 1, 1, 31, 81, 31, 0, 2006, 'גבעת עדה'),
('a1b2c3d4-0002-0000-0000-000000000002', 'בלג בוגרים', 'בית לחם הגלילית', NULL, '#15f919', 7, 2, 3, 24, 96, 61, 0, 2000, 'קריית ביאליק'),
('a1b2c3d4-0003-0000-0000-000000000003', 'גבעת עדה נוער', 'גבעת עדה', NULL, '#155af9', 7, 5, 1, 22, 65, 49, 0, 2022, 'גבעת עדה'),
('a1b2c3d4-0004-0000-0000-000000000004', 'רמת ישי', 'רמת ישי', NULL, '#f91515', 6, 4, 2, 20, 73, 46, 12, 2000, 'קריית ביאליק'),
('a1b2c3d4-0005-0000-0000-000000000005', 'קריית מוצקין', 'קריית מוצקין', NULL, '#969696', 3, 8, 1, 10, 49, 74, 0, 2023, 'קריית מוצקין'),
('a1b2c3d4-0006-0000-0000-000000000006', 'קריית ביאליק', 'קריית ביאליק', NULL, '#15d3f9', 2, 8, 2, 8, 25, 71, 0, 2015, 'קריית ביאליק'),
('a1b2c3d4-0007-0000-0000-000000000007', 'בלג נוער', 'בית לחם הגלילית', NULL, '#2e8e41', 2, 9, 0, 6, 44, 101, 0, 2025, 'קריית ביאליק');

-- ============ PLAYERS ============
-- גבעת עדה חלוצים
INSERT INTO players (id, first_name, last_name, jersey_number, position, team_id, is_referee, is_core, goals, games_played, blue_cards, red_cards, photo_url) VALUES
('b1000001-0000-0000-0000-000000000001', 'גיא', 'ריכטר', 6, 'Field Player', 'a1b2c3d4-0001-0000-0000-000000000001', true, false, 18, 11, 1, 0, NULL),
('b1000002-0000-0000-0000-000000000002', 'יובל', 'מוקדי', 81, 'Field Player', 'a1b2c3d4-0001-0000-0000-000000000001', true, true, 23, 9, 0, 0, NULL),
('b1000003-0000-0000-0000-000000000003', 'אמיר', 'ארמוני', 12, 'Field Player', 'a1b2c3d4-0001-0000-0000-000000000001', false, true, 15, 8, 0, 0, NULL),
('b1000004-0000-0000-0000-000000000004', 'בר', 'פריאס', 3, 'Field Player', 'a1b2c3d4-0001-0000-0000-000000000001', false, true, 13, 11, 1, 0, NULL),
('b1000005-0000-0000-0000-000000000005', 'אלעד', 'סלומון', 2, 'Field Player', 'a1b2c3d4-0001-0000-0000-000000000001', false, false, 5, 6, 0, 0, NULL),
('b1000006-0000-0000-0000-000000000006', 'עידן', 'ליכטר', 8, 'Field Player', 'a1b2c3d4-0001-0000-0000-000000000001', false, true, 4, 8, 2, 0, NULL),
('b1000007-0000-0000-0000-000000000007', 'אלון', 'בן אריה', 10, 'Field Player', 'a1b2c3d4-0001-0000-0000-000000000001', false, true, 3, 7, 0, 0, NULL),
('b1000008-0000-0000-0000-000000000008', 'יובל', 'טפירו', NULL, 'Field Player', 'a1b2c3d4-0001-0000-0000-000000000001', false, false, 3, 4, 0, 0, NULL),
('b1000009-0000-0000-0000-000000000009', 'יואב', 'תורג''מן', 9, 'Field Player', 'a1b2c3d4-0001-0000-0000-000000000001', false, true, 0, 7, 2, 0, NULL),
('b1000010-0000-0000-0000-000000000010', 'עומר', 'כהן', 1, 'Goalkeeper', 'a1b2c3d4-0001-0000-0000-000000000001', false, true, 0, 2, 0, 0, NULL),
('b1000011-0000-0000-0000-000000000011', 'עידו', 'זינגר', 1, 'Goalkeeper', 'a1b2c3d4-0001-0000-0000-000000000001', false, false, 0, 6, 0, 0, NULL);

-- בלג בוגרים
INSERT INTO players (id, first_name, last_name, jersey_number, position, team_id, is_referee, is_core, goals, games_played, blue_cards, red_cards) VALUES
('b2000001-0000-0000-0000-000000000001', 'עומר', 'סטולר', NULL, 'Field Player', 'a1b2c3d4-0002-0000-0000-000000000002', false, false, 13, 10, 0, 0),
('b2000002-0000-0000-0000-000000000002', 'אביתר', 'רבן', NULL, 'Field Player', 'a1b2c3d4-0002-0000-0000-000000000002', false, false, 10, 9, 0, 0),
('b2000003-0000-0000-0000-000000000003', 'אסף', 'קרן צור', NULL, 'Field Player', 'a1b2c3d4-0002-0000-0000-000000000002', true, true, 17, 6, 2, 0),
('b2000004-0000-0000-0000-000000000004', 'אלעד', 'תורן', NULL, 'Field Player', 'a1b2c3d4-0002-0000-0000-000000000002', false, true, 14, 5, 0, 0),
('b2000005-0000-0000-0000-000000000005', 'זיו', 'זקליק', NULL, 'Field Player', 'a1b2c3d4-0002-0000-0000-000000000002', false, true, 20, 8, 0, 0),
('b2000006-0000-0000-0000-000000000006', 'עומר', 'שרמן', NULL, 'Field Player', 'a1b2c3d4-0002-0000-0000-000000000002', false, true, 6, 7, 1, 0),
('b2000007-0000-0000-0000-000000000007', 'אריאל', 'ביטון', NULL, 'Field Player', 'a1b2c3d4-0002-0000-0000-000000000002', false, true, 5, 4, 0, 0),
('b2000008-0000-0000-0000-000000000008', 'אורי', 'שרמן', NULL, 'Field Player', 'a1b2c3d4-0002-0000-0000-000000000002', false, true, 1, 4, 0, 0),
('b2000009-0000-0000-0000-000000000009', 'ירדן', 'כרמלי', NULL, 'Field Player', 'a1b2c3d4-0002-0000-0000-000000000002', true, false, 6, 4, 0, 0),
('b2000010-0000-0000-0000-000000000010', 'יובל', 'נידם', 2, 'Field Player', 'a1b2c3d4-0002-0000-0000-000000000002', true, true, 0, 3, 1, 0),
('b2000011-0000-0000-0000-000000000011', 'יואב', 'כץ ממן', NULL, 'Goalkeeper', 'a1b2c3d4-0002-0000-0000-000000000002', false, true, 0, 5, 1, 0),
('b2000012-0000-0000-0000-000000000012', 'מתן', 'גורן', NULL, 'Goalkeeper', 'a1b2c3d4-0002-0000-0000-000000000002', false, false, 0, 4, 0, 0),
('b2000013-0000-0000-0000-000000000013', 'בן', 'ברנדס', NULL, 'Goalkeeper', 'a1b2c3d4-0002-0000-0000-000000000002', false, false, 0, 1, 0, 0);

-- גבעת עדה נוער
INSERT INTO players (id, first_name, last_name, jersey_number, position, team_id, is_referee, is_core, goals, games_played, blue_cards, red_cards) VALUES
('b3000001-0000-0000-0000-000000000001', 'עדן', 'אמון', NULL, 'Field Player', 'a1b2c3d4-0003-0000-0000-000000000003', false, false, 18, 9, 0, 0),
('b3000002-0000-0000-0000-000000000002', 'יהלי', 'כהן', NULL, 'Field Player', 'a1b2c3d4-0003-0000-0000-000000000003', false, true, 14, 12, 0, 0),
('b3000003-0000-0000-0000-000000000003', 'רועי', 'סקר', NULL, 'Field Player', 'a1b2c3d4-0003-0000-0000-000000000003', false, true, 12, 10, 0, 0),
('b3000004-0000-0000-0000-000000000004', 'עידו', 'סו', NULL, 'Field Player', 'a1b2c3d4-0003-0000-0000-000000000003', false, true, 5, 10, 0, 0),
('b3000005-0000-0000-0000-000000000005', 'אלון', 'ריכטר', NULL, 'Field Player', 'a1b2c3d4-0003-0000-0000-000000000003', false, true, 2, 11, 0, 1),
('b3000006-0000-0000-0000-000000000006', 'ליעד', 'דוד', NULL, 'Field Player', 'a1b2c3d4-0003-0000-0000-000000000003', false, true, 2, 7, 2, 0),
('b3000007-0000-0000-0000-000000000007', 'איתי', 'מישאל', NULL, 'Field Player', 'a1b2c3d4-0003-0000-0000-000000000003', false, true, 1, 9, 0, 0),
('b3000008-0000-0000-0000-000000000008', 'חן', 'דוידסקו', NULL, 'Field Player', 'a1b2c3d4-0003-0000-0000-000000000003', false, true, 1, 4, 0, 0),
('b3000009-0000-0000-0000-000000000009', 'אייל', 'בכמן', NULL, 'Field Player', 'a1b2c3d4-0003-0000-0000-000000000003', false, false, 1, 6, 2, 0),
('b3000010-0000-0000-0000-000000000010', 'עילי', 'קרסקובסקי', NULL, 'Field Player', 'a1b2c3d4-0003-0000-0000-000000000003', false, false, 0, 4, 1, 0),
('b3000011-0000-0000-0000-000000000011', 'עמית', 'דביר', NULL, 'Field Player', 'a1b2c3d4-0003-0000-0000-000000000003', false, false, 0, 1, 0, 0),
('b3000012-0000-0000-0000-000000000012', 'יואב', 'זינגר', NULL, 'Goalkeeper', 'a1b2c3d4-0003-0000-0000-000000000003', false, true, 0, 12, 0, 0),
('b3000013-0000-0000-0000-000000000013', 'מעיין', 'בן ערב', NULL, 'Goalkeeper', 'a1b2c3d4-0003-0000-0000-000000000003', false, false, 0, 1, 0, 0);

-- רמת ישי
INSERT INTO players (id, first_name, last_name, jersey_number, position, team_id, is_referee, is_core, goals, games_played, blue_cards, red_cards) VALUES
('b4000001-0000-0000-0000-000000000001', 'איתי', 'בן יעקב', NULL, 'Field Player', 'a1b2c3d4-0004-0000-0000-000000000004', true, true, 15, 9, 0, 0),
('b4000002-0000-0000-0000-000000000002', 'נבו', 'כהן', NULL, 'Field Player', 'a1b2c3d4-0004-0000-0000-000000000004', false, true, 14, 9, 0, 0),
('b4000003-0000-0000-0000-000000000003', 'אור', 'רואש', NULL, 'Field Player', 'a1b2c3d4-0004-0000-0000-000000000004', false, true, 10, 5, 0, 0),
('b4000004-0000-0000-0000-000000000004', 'אסף', 'בן אליעזר', 7, 'Field Player', 'a1b2c3d4-0004-0000-0000-000000000004', false, false, 5, 8, 1, 0),
('b4000005-0000-0000-0000-000000000005', 'אביב', 'הרוניאן', NULL, 'Field Player', 'a1b2c3d4-0004-0000-0000-000000000004', false, false, 4, 5, 0, 0),
('b4000006-0000-0000-0000-000000000006', 'ניר', 'שהם', NULL, 'Field Player', 'a1b2c3d4-0004-0000-0000-000000000004', false, true, 2, 9, 0, 0),
('b4000007-0000-0000-0000-000000000007', 'ארבל', 'מושקוביץ', NULL, 'Field Player', 'a1b2c3d4-0004-0000-0000-000000000004', false, true, 2, 9, 0, 0),
('b4000008-0000-0000-0000-000000000008', 'רדן', 'רייס', NULL, 'Field Player', 'a1b2c3d4-0004-0000-0000-000000000004', false, false, 2, 6, 0, 0),
('b4000009-0000-0000-0000-000000000009', 'שחר', 'דהן', NULL, 'Field Player', 'a1b2c3d4-0004-0000-0000-000000000004', false, true, 0, 5, 1, 0),
('b4000010-0000-0000-0000-000000000010', 'רותם ', 'בן אליעזר', NULL, 'Goalkeeper', 'a1b2c3d4-0004-0000-0000-000000000004', true, true, 1, 9, 0, 0),
('b4000011-0000-0000-0000-000000000011', 'מתן', 'גולדנברג', NULL, 'Goalkeeper', 'a1b2c3d4-0004-0000-0000-000000000004', false, false, 0, 4, 0, 0);

-- קריית מוצקין
INSERT INTO players (id, first_name, last_name, jersey_number, position, team_id, is_referee, is_core, goals, games_played, blue_cards, red_cards) VALUES
('b5000001-0000-0000-0000-000000000001', 'דורי', 'רז', NULL, 'Field Player', 'a1b2c3d4-0005-0000-0000-000000000005', false, true, 12, 8, 0, 0),
('b5000002-0000-0000-0000-000000000002', 'דניאל', 'אוליאל', NULL, 'Field Player', 'a1b2c3d4-0005-0000-0000-000000000005', false, true, 8, 9, 1, 0),
('b5000003-0000-0000-0000-000000000003', 'אורי', 'רייזלר', NULL, 'Field Player', 'a1b2c3d4-0005-0000-0000-000000000005', false, true, 7, 12, 2, 0),
('b5000004-0000-0000-0000-000000000004', 'הראל', 'וולגרין', NULL, 'Field Player', 'a1b2c3d4-0005-0000-0000-000000000005', false, true, 7, 12, 0, 0),
('b5000005-0000-0000-0000-000000000005', 'בארי', 'אוליאל', NULL, 'Field Player', 'a1b2c3d4-0005-0000-0000-000000000005', false, true, 5, 11, 1, 0),
('b5000006-0000-0000-0000-000000000006', 'מרסלו', 'בנדרסקי', NULL, 'Field Player', 'a1b2c3d4-0005-0000-0000-000000000005', false, true, 4, 7, 0, 0),
('b5000007-0000-0000-0000-000000000007', 'רותם', 'ציטרון', NULL, 'Field Player', 'a1b2c3d4-0005-0000-0000-000000000005', false, false, 3, 9, 0, 0),
('b5000008-0000-0000-0000-000000000008', 'אביאל', 'גלמידי', NULL, 'Field Player', 'a1b2c3d4-0005-0000-0000-000000000005', false, true, 2, 4, 0, 0),
('b5000009-0000-0000-0000-000000000009', 'טליה', 'אשכנזי', NULL, 'Field Player', 'a1b2c3d4-0005-0000-0000-000000000005', false, false, 1, 6, 0, 0),
('b5000010-0000-0000-0000-000000000010', 'זיו', 'רז', NULL, 'Field Player', 'a1b2c3d4-0005-0000-0000-000000000005', false, false, 0, 10, 1, 0),
('b5000011-0000-0000-0000-000000000011', 'תומר', 'לוי', 1, 'Goalkeeper', 'a1b2c3d4-0005-0000-0000-000000000005', false, true, 0, 6, 0, 0),
('b5000012-0000-0000-0000-000000000012', 'עדן', 'גלמידי', NULL, 'Goalkeeper', 'a1b2c3d4-0005-0000-0000-000000000005', false, false, 0, 4, 0, 0);

-- קריית ביאליק
INSERT INTO players (id, first_name, last_name, jersey_number, position, team_id, is_referee, is_core, goals, games_played, blue_cards, red_cards) VALUES
('b6000001-0000-0000-0000-000000000001', 'אורי', 'לירמן', NULL, 'Field Player', 'a1b2c3d4-0006-0000-0000-000000000006', false, true, 5, 9, 0, 0),
('b6000002-0000-0000-0000-000000000002', 'תומר', 'לירמן', NULL, 'Field Player', 'a1b2c3d4-0006-0000-0000-000000000006', true, true, 5, 9, 1, 0),
('b6000003-0000-0000-0000-000000000003', 'עופר', 'אלקין', NULL, 'Field Player', 'a1b2c3d4-0006-0000-0000-000000000006', false, true, 5, 9, 0, 0),
('b6000004-0000-0000-0000-000000000004', 'עדי', 'רז', NULL, 'Field Player', 'a1b2c3d4-0006-0000-0000-000000000006', true, true, 2, 7, 1, 0),
('b6000005-0000-0000-0000-000000000005', 'ריף', 'איילון', NULL, 'Field Player', 'a1b2c3d4-0006-0000-0000-000000000006', false, true, 2, 4, 1, 0),
('b6000006-0000-0000-0000-000000000006', 'עומר', 'דרחי', NULL, 'Field Player', 'a1b2c3d4-0006-0000-0000-000000000006', false, true, 1, 5, 0, 0),
('b6000007-0000-0000-0000-000000000007', 'דוד', 'אוסטרובסקי', NULL, 'Field Player', 'a1b2c3d4-0006-0000-0000-000000000006', false, false, 1, 9, 1, 0),
('b6000008-0000-0000-0000-000000000008', 'אוריה', 'אסייג', NULL, 'Field Player', 'a1b2c3d4-0006-0000-0000-000000000006', false, false, 1, 3, 0, 0),
('b6000009-0000-0000-0000-000000000009', 'דמיאן', 'לירמן', NULL, 'Field Player', 'a1b2c3d4-0006-0000-0000-000000000006', false, false, 0, 8, 0, 0),
('b6000010-0000-0000-0000-000000000010', 'עמית', 'שמואל', NULL, 'Field Player', 'a1b2c3d4-0006-0000-0000-000000000006', false, true, 0, 2, 0, 1),
('b6000011-0000-0000-0000-000000000011', 'עדן', 'קשזטכר', NULL, 'Field Player', 'a1b2c3d4-0006-0000-0000-000000000006', false, false, 0, 1, 0, 1),
('b6000012-0000-0000-0000-000000000012', 'נועם', 'ויינשטיין', 1, 'Goalkeeper', 'a1b2c3d4-0006-0000-0000-000000000006', false, true, 0, 7, 0, 0),
('b6000013-0000-0000-0000-000000000013', 'תומר', 'נועם', NULL, 'Goalkeeper', 'a1b2c3d4-0006-0000-0000-000000000006', false, false, 0, 3, 0, 0);

-- בלג נוער
INSERT INTO players (id, first_name, last_name, jersey_number, position, team_id, is_referee, is_core, goals, games_played, blue_cards, red_cards, photo_url) VALUES
('b7000001-0000-0000-0000-000000000001', 'עידו', 'ריכטר', NULL, 'Field Player', 'a1b2c3d4-0007-0000-0000-000000000007', true, true, 17, 9, 0, 0, NULL),
('b7000002-0000-0000-0000-000000000002', 'יוחאי ', 'וקסמן', NULL, 'Field Player', 'a1b2c3d4-0007-0000-0000-000000000007', false, true, 13, 9, 0, 0, NULL),
('b7000003-0000-0000-0000-000000000003', 'יואב', 'צייזלר', NULL, 'Field Player', 'a1b2c3d4-0007-0000-0000-000000000007', false, true, 3, 8, 0, 0, NULL),
('b7000004-0000-0000-0000-000000000004', 'עידן', 'לבייב', NULL, 'Field Player', 'a1b2c3d4-0007-0000-0000-000000000007', false, true, 1, 7, 0, 0, NULL),
('b7000005-0000-0000-0000-000000000005', 'בר', 'פוטרמן', NULL, 'Field Player', 'a1b2c3d4-0007-0000-0000-000000000007', false, true, 1, 7, 0, 0, NULL),
('b7000006-0000-0000-0000-000000000006', 'אוריאן', 'פשרמן', NULL, 'Field Player', 'a1b2c3d4-0007-0000-0000-000000000007', false, true, 0, 10, 0, 0, NULL),
('b7000007-0000-0000-0000-000000000007', 'גלי', 'חליווה', NULL, 'Field Player', 'a1b2c3d4-0007-0000-0000-000000000007', false, true, 0, 9, 1, 0, NULL),
('b7000008-0000-0000-0000-000000000008', 'ליעד', 'גרינאפל', NULL, 'Field Player', 'a1b2c3d4-0007-0000-0000-000000000007', false, false, 6, 2, 1, 0, NULL),
('b7000009-0000-0000-0000-000000000009', 'עיליי', 'גרינאפל', NULL, 'Field Player', 'a1b2c3d4-0007-0000-0000-000000000007', false, false, 1, 2, 0, 0, NULL),
('b7000010-0000-0000-0000-000000000010', 'זיו', 'חרמוני', NULL, 'Field Player', 'a1b2c3d4-0007-0000-0000-000000000007', false, false, 1, 1, 0, 0, NULL),
('b7000011-0000-0000-0000-000000000011', 'אלון', 'ברנדס', NULL, 'Field Player', 'a1b2c3d4-0007-0000-0000-000000000007', false, false, 0, 6, 0, 0, NULL),
('b7000012-0000-0000-0000-000000000012', 'שי', 'דגני', NULL, 'Field Player', 'a1b2c3d4-0007-0000-0000-000000000007', false, false, 0, 0, 0, 0, NULL),
('b7000013-0000-0000-0000-000000000013', 'איתי', 'רגב', NULL, 'Goalkeeper', 'a1b2c3d4-0007-0000-0000-000000000007', false, true, 0, 12, 0, 0, NULL),
('b7000014-0000-0000-0000-000000000014', 'ליאור', 'ויזמן', NULL, 'Goalkeeper', 'a1b2c3d4-0007-0000-0000-000000000007', false, false, 0, 4, 0, 0, NULL);

-- ============ REFEREES ============
INSERT INTO referees (id, first_name, last_name) VALUES
('c1000001-0000-0000-0000-000000000001', 'אלון', 'ויזמן');

-- ============ GAMES (completed league games) ============
INSERT INTO games (id, home_team_id, away_team_id, game_date, venue, home_score, away_score, status, game_type, home_own_goals, away_own_goals, is_technical_loss, referee_type) VALUES
-- Round 1 (Sept 27, 2025)
('a0000001-0000-0000-0000-000000000001', 'a1b2c3d4-0001-0000-0000-000000000001', 'a1b2c3d4-0006-0000-0000-000000000006', '2025-09-27 17:00:00+00', 'גבעת עדה', 15, 0, 'completed', 'ליגה', 0, 0, false, 'player'),
('a0000002-0000-0000-0000-000000000002', 'a1b2c3d4-0004-0000-0000-000000000004', 'a1b2c3d4-0005-0000-0000-000000000005', '2025-09-27 15:15:00+00', 'גבעת עדה', 6, 3, 'completed', 'ליגה', 2, 0, false, 'player'),
('a0000003-0000-0000-0000-000000000003', 'a1b2c3d4-0003-0000-0000-000000000003', 'a1b2c3d4-0002-0000-0000-000000000002', '2025-09-27 13:30:00+00', 'גבעת עדה', 6, 11, 'completed', 'ליגה', 0, 0, false, 'player'),
-- Round 2 (Oct 18, 2025)
('a0000004-0000-0000-0000-000000000004', 'a1b2c3d4-0002-0000-0000-000000000002', 'a1b2c3d4-0007-0000-0000-000000000007', '2025-10-18 17:00:00+00', 'גבעת עדה', 12, 4, 'completed', 'ליגה', 0, 0, false, 'player'),
('a0000005-0000-0000-0000-000000000005', 'a1b2c3d4-0001-0000-0000-000000000001', 'a1b2c3d4-0004-0000-0000-000000000004', '2025-10-18 15:15:00+00', 'גבעת עדה', 4, 3, 'completed', 'ליגה', 0, 0, false, 'player'),
('a0000006-0000-0000-0000-000000000006', 'a1b2c3d4-0003-0000-0000-000000000003', 'a1b2c3d4-0005-0000-0000-000000000005', '2025-10-18 13:30:00+00', 'גבעת עדה', 6, 1, 'completed', 'ליגה', 0, 0, false, 'player'),
-- Round 3 (Nov 1, 2025)
('a0000007-0000-0000-0000-000000000007', 'a1b2c3d4-0005-0000-0000-000000000005', 'a1b2c3d4-0001-0000-0000-000000000001', '2025-11-01 18:00:00+00', 'קריית מוצקין', 1, 5, 'completed', 'ליגה', 0, 0, false, 'player'),
('a0000008-0000-0000-0000-000000000008', 'a1b2c3d4-0004-0000-0000-000000000004', 'a1b2c3d4-0002-0000-0000-000000000002', '2025-11-01 16:15:00+00', 'קריית ביאליק', 7, 8, 'completed', 'ליגה', 0, 0, false, 'player'),
('a0000009-0000-0000-0000-000000000009', 'a1b2c3d4-0006-0000-0000-000000000006', 'a1b2c3d4-0007-0000-0000-000000000007', '2025-11-01 14:30:00+00', 'קריית ביאליק', 1, 6, 'completed', 'ליגה', 0, 0, false, 'player'),
-- Round 4 (Nov 8, 2025)
('a0000010-0000-0000-0000-000000000010', 'a1b2c3d4-0005-0000-0000-000000000005', 'a1b2c3d4-0003-0000-0000-000000000003', '2025-11-08 18:00:00+00', 'קריית מוצקין', 4, 7, 'completed', 'ליגה', 0, 0, false, 'player'),
('a0000011-0000-0000-0000-000000000011', 'a1b2c3d4-0004-0000-0000-000000000004', 'a1b2c3d4-0001-0000-0000-000000000001', '2025-11-08 16:15:00+00', 'קריית ביאליק', 2, 5, 'completed', 'ליגה', 0, 0, false, 'player'),
('a0000012-0000-0000-0000-000000000012', 'a1b2c3d4-0007-0000-0000-000000000007', 'a1b2c3d4-0002-0000-0000-000000000002', '2025-11-08 14:30:00+00', 'קריית ביאליק', 3, 12, 'completed', 'ליגה', 0, 0, false, 'player'),
-- Round 5 (Nov 15, 2025)
('a0000013-0000-0000-0000-000000000013', 'a1b2c3d4-0007-0000-0000-000000000007', 'a1b2c3d4-0001-0000-0000-000000000001', '2025-11-15 14:30:00+00', 'קריית ביאליק', 0, 11, 'completed', 'ליגה', 0, 0, false, 'player'),
('a0000014-0000-0000-0000-000000000014', 'a1b2c3d4-0002-0000-0000-000000000002', 'a1b2c3d4-0005-0000-0000-000000000005', '2025-11-15 16:15:00+00', 'קריית ביאליק', 16, 6, 'completed', 'ליגה', 0, 0, false, 'player'),
('a0000015-0000-0000-0000-000000000015', 'a1b2c3d4-0006-0000-0000-000000000006', 'a1b2c3d4-0003-0000-0000-000000000003', '2025-11-15 18:00:00+00', 'קריית ביאליק', 4, 3, 'completed', 'ליגה', 0, 0, false, 'player'),
-- Round 6 (Nov 29, 2025)
('a0000016-0000-0000-0000-000000000016', 'a1b2c3d4-0006-0000-0000-000000000006', 'a1b2c3d4-0005-0000-0000-000000000005', '2025-11-29 18:00:00+00', 'קריית ביאליק', 0, 0, 'completed', 'ליגה', 0, 0, false, 'player'),
('a0000017-0000-0000-0000-000000000017', 'a1b2c3d4-0007-0000-0000-000000000007', 'a1b2c3d4-0004-0000-0000-000000000004', '2025-11-29 16:15:00+00', 'קריית ביאליק', 3, 12, 'completed', 'ליגה', 0, 0, false, 'player'),
-- Round 7 (Dec 6, 2025)
('a0000018-0000-0000-0000-000000000018', 'a1b2c3d4-0001-0000-0000-000000000001', 'a1b2c3d4-0005-0000-0000-000000000005', '2025-12-06 14:30:00+00', 'גבעת עדה', 3, 7, 'completed', 'ליגה', 0, 0, false, 'player'),
('a0000019-0000-0000-0000-000000000019', 'a1b2c3d4-0002-0000-0000-000000000002', 'a1b2c3d4-0004-0000-0000-000000000004', '2025-12-06 16:15:00+00', 'גבעת עדה', 4, 4, 'completed', 'ליגה', 0, 0, false, 'player'),
('a0000020-0000-0000-0000-000000000020', 'a1b2c3d4-0006-0000-0000-000000000006', 'a1b2c3d4-0003-0000-0000-000000000003', '2025-12-06 16:15:00+00', 'קריית ביאליק', 4, 3, 'completed', 'ליגה', 0, 0, false, 'player'),
-- Round 8 (Dec 13, 2025)
('a0000021-0000-0000-0000-000000000021', 'a1b2c3d4-0001-0000-0000-000000000001', 'a1b2c3d4-0002-0000-0000-000000000002', '2025-12-13 14:30:00+00', 'גבעת עדה', 6, 6, 'completed', 'ליגה', 0, 0, false, 'player'),
('a0000022-0000-0000-0000-000000000022', 'a1b2c3d4-0007-0000-0000-000000000007', 'a1b2c3d4-0003-0000-0000-000000000003', '2025-12-13 16:15:00+00', 'גבעת עדה', 3, 8, 'completed', 'ליגה', 0, 0, false, 'player'),
-- Round 9 (Dec 27, 2025)
('a0000023-0000-0000-0000-000000000023', 'a1b2c3d4-0005-0000-0000-000000000005', 'a1b2c3d4-0007-0000-0000-000000000007', '2025-12-27 18:00:00+00', 'קריית מוצקין', 6, 12, 'completed', 'ליגה', 0, 0, false, 'player'),
('a0000024-0000-0000-0000-000000000024', 'a1b2c3d4-0004-0000-0000-000000000004', 'a1b2c3d4-0003-0000-0000-000000000003', '2025-12-27 16:15:00+00', 'קריית ביאליק', 4, 4, 'completed', 'ליגה', 0, 0, false, 'player'),
('a0000025-0000-0000-0000-000000000025', 'a1b2c3d4-0006-0000-0000-000000000006', 'a1b2c3d4-0002-0000-0000-000000000002', '2025-12-27 14:30:00+00', 'קריית ביאליק', 5, 5, 'completed', 'ליגה', 0, 0, false, 'player'),
-- Round 10 (Jan 10, 2026)
('a0000026-0000-0000-0000-000000000026', 'a1b2c3d4-0006-0000-0000-000000000006', 'a1b2c3d4-0001-0000-0000-000000000001', '2026-01-10 14:30:00+00', 'קריית ביאליק', 2, 5, 'completed', 'ליגה', 0, 0, false, 'player'),
('a0000027-0000-0000-0000-000000000027', 'a1b2c3d4-0002-0000-0000-000000000002', 'a1b2c3d4-0003-0000-0000-000000000003', '2026-01-10 16:15:00+00', 'קריית ביאליק', 4, 6, 'completed', 'ליגה', 0, 0, false, 'player'),
('a0000028-0000-0000-0000-000000000028', 'a1b2c3d4-0005-0000-0000-000000000005', 'a1b2c3d4-0004-0000-0000-000000000004', '2026-01-10 18:00:00+00', 'קריית מוצקין', 2, 6, 'completed', 'ליגה', 0, 0, false, 'player'),
-- Round 11 (Jan 24, 2026)
('a0000029-0000-0000-0000-000000000029', 'a1b2c3d4-0001-0000-0000-000000000001', 'a1b2c3d4-0003-0000-0000-000000000003', '2026-01-24 13:30:00+00', 'גבעת עדה', 3, 1, 'completed', 'ליגה', 0, 0, false, 'player'),
('a0000030-0000-0000-0000-000000000030', 'a1b2c3d4-0002-0000-0000-000000000002', 'a1b2c3d4-0006-0000-0000-000000000006', '2026-01-24 15:15:00+00', 'גבעת עדה', 8, 2, 'completed', 'ליגה', 0, 0, false, 'player'),
('a0000031-0000-0000-0000-000000000031', 'a1b2c3d4-0007-0000-0000-000000000007', 'a1b2c3d4-0005-0000-0000-000000000005', '2026-01-24 17:00:00+00', 'גבעת עדה', 5, 9, 'completed', 'ליגה', 0, 0, false, 'player'),
-- Technical Loss (Jan 31, 2026)
('a0000032-0000-0000-0000-000000000032', 'a1b2c3d4-0004-0000-0000-000000000004', 'a1b2c3d4-0006-0000-0000-000000000006', '2026-01-31 18:00:00+00', 'קריית ביאליק', 10, 0, 'completed', 'ליגה', 10, 0, true, 'player'),
-- Round 12 (Feb 7, 2026)
('a0000033-0000-0000-0000-000000000033', 'a1b2c3d4-0001-0000-0000-000000000001', 'a1b2c3d4-0007-0000-0000-000000000007', '2026-02-07 13:30:00+00', 'גבעת עדה', 11, 2, 'completed', 'ליגה', 0, 0, false, 'player'),
('a0000034-0000-0000-0000-000000000034', 'a1b2c3d4-0003-0000-0000-000000000003', 'a1b2c3d4-0004-0000-0000-000000000004', '2026-02-07 15:15:00+00', 'גבעת עדה', 5, 3, 'completed', 'ליגה', 0, 0, false, 'player'),
-- Round 13 (Feb 21, 2026)
('a0000035-0000-0000-0000-000000000035', 'a1b2c3d4-0005-0000-0000-000000000005', 'a1b2c3d4-0006-0000-0000-000000000006', '2026-02-21 15:15:00+00', 'קריית מוצקין', 6, 2, 'completed', 'ליגה', 0, 0, false, 'player'),
-- Round 14 (Feb 28, 2026)
('a0000036-0000-0000-0000-000000000036', 'a1b2c3d4-0005-0000-0000-000000000005', 'a1b2c3d4-0002-0000-0000-000000000002', '2026-02-28 13:30:00+00', 'קריית מוצקין', 4, 6, 'completed', 'ליגה', 0, 0, false, 'player'),
('a0000037-0000-0000-0000-000000000037', 'a1b2c3d4-0003-0000-0000-000000000003', 'a1b2c3d4-0006-0000-0000-000000000006', '2026-02-28 15:15:00+00', 'קריית ביאליק', 4, 2, 'completed', 'ליגה', 0, 0, false, 'player'),
('a0000038-0000-0000-0000-000000000038', 'a1b2c3d4-0004-0000-0000-000000000004', 'a1b2c3d4-0007-0000-0000-000000000007', '2026-02-28 17:00:00+00', 'קריית ביאליק', 10, 5, 'completed', 'ליגה', 0, 0, false, 'player'),
-- Round 15 (Mar 14, 2026)
('a0000039-0000-0000-0000-000000000039', 'a1b2c3d4-0003-0000-0000-000000000003', 'a1b2c3d4-0001-0000-0000-000000000001', '2026-03-14 15:15:00+00', 'גבעת עדה', 3, 5, 'completed', 'ליגה', 0, 0, false, 'player'),
-- Round 16 (May 2, 2026)
('a0000040-0000-0000-0000-000000000040', 'a1b2c3d4-0002-0000-0000-000000000002', 'a1b2c3d4-0001-0000-0000-000000000001', '2026-05-02 14:15:00+00', 'גבעת עדה', 4, 8, 'completed', 'ליגה', 0, 0, false, 'player'),
('a0000041-0000-0000-0000-000000000041', 'a1b2c3d4-0003-0000-0000-000000000003', 'a1b2c3d4-0007-0000-0000-000000000007', '2026-05-02 12:30:00+00', 'גבעת עדה', 9, 1, 'completed', 'ליגה', 0, 0, false, 'player'),
('a0000042-0000-0000-0000-000000000042', 'a1b2c3d4-0006-0000-0000-000000000006', 'a1b2c3d4-0004-0000-0000-000000000004', '2026-05-02 16:00:00+00', 'גבעת עדה', 3, 6, 'completed', 'ליגה', 0, 0, false, 'player');

-- Playoff games (scheduled)
INSERT INTO games (id, home_team_id, away_team_id, game_date, venue, status, game_type, playoff_round, series_game) VALUES
('a0000043-0000-0000-0000-000000000043', 'a1b2c3d4-0002-0000-0000-000000000002', 'a1b2c3d4-0007-0000-0000-000000000007', '2026-06-01 20:00:00+00', NULL, 'scheduled', 'פלייאוף', 'first_round', 1),
('a0000044-0000-0000-0000-000000000044', 'a1b2c3d4-0007-0000-0000-000000000007', 'a1b2c3d4-0002-0000-0000-000000000002', '2026-06-08 20:00:00+00', NULL, 'scheduled', 'פלייאוף', 'first_round', 2),
('a0000045-0000-0000-0000-000000000045', 'a1b2c3d4-0003-0000-0000-000000000003', 'a1b2c3d4-0006-0000-0000-000000000006', '2026-06-01 20:00:00+00', NULL, 'scheduled', 'פלייאוף', 'first_round', 1),
('a0000046-0000-0000-0000-000000000046', 'a1b2c3d4-0006-0000-0000-000000000006', 'a1b2c3d4-0003-0000-0000-000000000003', '2026-06-08 20:00:00+00', NULL, 'scheduled', 'פלייאוף', 'first_round', 2),
('a0000047-0000-0000-0000-000000000047', 'a1b2c3d4-0004-0000-0000-000000000004', 'a1b2c3d4-0005-0000-0000-000000000005', '2026-06-01 20:00:00+00', NULL, 'scheduled', 'פלייאוף', 'first_round', 1),
('a0000048-0000-0000-0000-000000000048', 'a1b2c3d4-0005-0000-0000-000000000005', 'a1b2c3d4-0004-0000-0000-000000000004', '2026-06-08 20:00:00+00', NULL, 'scheduled', 'פלייאוף', 'first_round', 2);
